Date,Time,Ticker,Price,Change_Pct,Volume
2026-06-17,04:23:10,MSFT,393.83,0.21,0
2026-06-17,04:23:10,GOOGL,373.25,0.31,0
2026-06-17,04:23:10,NVDA,207.41,0.31,0
2026-06-17,04:23:10,META,600.21,0.31,0
2026-06-17,04:23:10,AAPL,299.24,0.31,0
2026-06-17,04:23:10,AMD,507.29,0.31,0
2026-06-17,04:23:10,TSM,425.83,0.31,0
2026-06-17,04:23:10,AMZN,246.0,0.31,0
2026-06-17,04:33:28,MSFT,393.83,4.83,0
2026-06-17,04:33:28,GOOGL,373.25,4.83,0
2026-06-17,04:33:28,NVDA,207.41,0.64,0
2026-06-17,04:33:28,META,600.21,4.83,0
2026-06-17,04:33:28,AAPL,299.24,4.83,0
2026-06-17,04:33:28,AMD,507.29,4.83,0
2026-06-17,04:33:28,TSM,425.83,0.64,0
2026-06-17,04:33:28,AMZN,246.0,4.83,0
2026-06-17,16:46:24,MSFT,384.72,-2.4,0
2026-06-17,16:46:24,GOOGL,365.21,-2.4,0
2026-06-17,16:46:24,NVDA,207.23,-2.4,0
2026-06-17,16:46:24,META,577.96,-2.54,0
2026-06-17,16:46:24,AAPL,298.34,-2.54,0
2026-06-17,16:46:24,AMD,521.56,-2.54,0
2026-06-17,16:46:24,TSM,439.01,-2.54,0
2026-06-17,16:46:24,AMZN,239.67,-2.54,0
2026-06-17,18:27:02,MSFT,382.99,-2.33,0
2026-06-17,18:27:02,GOOGL,365.37,-2.24,0
2026-06-17,18:27:02,NVDA,205.75,-2.24,0
2026-06-17,18:27:02,META,575.15,-2.24,0
2026-06-17,18:27:02,AAPL,295.65,-2.24,0
2026-06-17,18:27:02,AMD,518.13,-2.24,0
2026-06-17,18:27:02,TSM,435.6,-2.24,0
2026-06-17,18:27:02,AMZN,239.11,-2.24,0
2026-06-17,20:03:44,MSFT,378.91,-4.95,0
2026-06-17,20:03:44,GOOGL,363.79,-4.95,0
2026-06-17,20:03:44,NVDA,204.65,-4.95,0
2026-06-17,20:03:44,META,567.58,-4.95,0
2026-06-17,20:03:44,AAPL,295.95,-4.95,0
2026-06-17,20:03:44,AMD,512.48,-4.95,0
2026-06-17,20:03:44,TSM,432.15,-4.95,0
2026-06-17,20:03:44,AMZN,237.5,-4.95,0
2026-06-17,22:06:51,MSFT,378.91,-4.95,0
2026-06-17,22:06:51,GOOGL,363.79,-0.98,0
2026-06-17,22:06:51,NVDA,204.65,-4.95,0
2026-06-17,22:06:51,META,567.58,-4.95,0
2026-06-17,22:06:51,AAPL,295.95,-4.95,0
2026-06-17,22:06:51,AMD,512.48,-4.95,0
2026-06-17,22:06:51,TSM,432.15,-4.95,0
2026-06-17,22:06:51,AMZN,237.5,-4.95,0
2026-06-17,23:13:10,MSFT,378.91,-4.95,0
2026-06-17,23:13:10,GOOGL,363.79,-4.95,0
2026-06-17,23:13:10,NVDA,204.65,-4.95,0
2026-06-17,23:13:10,META,567.58,-4.95,0
2026-06-17,23:13:10,AAPL,295.95,-4.95,0
2026-06-17,23:13:10,AMD,512.48,-4.95,0
2026-06-17,23:13:10,TSM,432.15,-4.95,0
2026-06-17,23:13:10,AMZN,237.5,-4.95,0
2026-06-18,16:45:30,MSFT,378.81,-9.22,0
2026-06-18,16:45:30,GOOGL,366.3,-9.23,0
2026-06-18,16:45:30,NVDA,210.79,-9.23,0
2026-06-18,16:45:30,META,576.78,-9.23,0
2026-06-18,16:45:30,AAPL,297.44,-9.23,0
2026-06-18,16:45:30,AMD,533.52,-9.23,0
2026-06-18,16:45:30,TSM,454.85,-9.2,0
2026-06-18,16:45:30,AMZN,243.78,-9.2,0
2026-06-18,18:30:38,MSFT,377.79,-6.13,0
2026-06-18,18:30:38,GOOGL,367.6,-6.13,0
2026-06-18,18:30:38,NVDA,210.13,-6.13,0
2026-06-18,18:30:38,META,573.54,-6.13,0
2026-06-18,18:30:38,AAPL,297.06,-6.13,0
2026-06-18,18:30:38,AMD,533.07,-6.31,0
2026-06-18,18:30:38,TSM,459.55,-6.31,0
2026-06-18,18:30:38,AMZN,242.99,-6.31,0
2026-06-18,20:14:30,MSFT,379.4,-3.56,0
2026-06-18,20:14:30,GOOGL,368.03,-3.56,0
2026-06-18,20:14:30,NVDA,210.69,-3.56,0
2026-06-18,20:14:30,META,577.22,-3.56,0
2026-06-18,20:14:30,AAPL,298.01,-3.56,0
2026-06-18,20:14:30,AMD,537.37,-3.56,0
2026-06-18,20:14:30,TSM,462.12,-3.56,0
2026-06-18,20:14:30,AMZN,244.39,-3.56,0
2026-06-18,22:20:07,MSFT,379.4,-3.56,0
2026-06-18,22:20:07,GOOGL,368.03,-3.56,0
2026-06-18,22:20:07,NVDA,210.69,-3.56,0
2026-06-18,22:20:07,META,577.22,-3.56,0
2026-06-18,22:20:07,AAPL,298.01,-3.56,0
2026-06-18,22:20:07,AMD,537.37,-3.56,0
2026-06-18,22:20:07,TSM,462.12,-3.56,0
2026-06-18,22:20:07,AMZN,244.39,-3.56,0
2026-06-18,23:26:42,MSFT,379.4,-3.56,0
2026-06-18,23:26:42,GOOGL,368.03,-3.56,0
2026-06-18,23:26:42,NVDA,210.69,-3.56,0
2026-06-18,23:26:42,META,577.22,-3.56,0
2026-06-18,23:26:42,AAPL,298.01,-3.56,0
2026-06-18,23:26:42,AMD,537.37,-3.56,0
2026-06-18,23:26:42,TSM,462.12,-3.56,0
2026-06-18,23:26:42,AMZN,244.39,-3.56,0
2026-06-19,16:17:56,MSFT,379.4,-3.56,0
2026-06-19,16:17:56,GOOGL,368.03,-3.56,0
2026-06-19,16:17:56,NVDA,210.69,-3.56,0
2026-06-19,16:17:56,META,577.22,-3.56,0
2026-06-19,16:17:56,AAPL,298.01,0.14,0
2026-06-19,16:17:56,AMD,537.37,-3.56,0
2026-06-19,16:17:56,TSM,462.12,-3.56,0
2026-06-19,16:17:56,AMZN,244.39,-3.56,0
2026-06-19,18:04:19,MSFT,379.4,-3.56,0
2026-06-19,18:04:19,GOOGL,368.03,-3.56,0
2026-06-19,18:04:19,NVDA,210.69,-3.56,0
2026-06-19,18:04:19,META,577.22,-3.56,0
2026-06-19,18:04:19,AAPL,298.01,-3.56,0
2026-06-19,18:04:19,AMD,537.37,-3.56,0
2026-06-19,18:04:19,TSM,462.12,-3.56,0
2026-06-19,18:04:19,AMZN,244.39,-3.56,0
2026-06-19,19:28:38,MSFT,379.4,-3.56,0
2026-06-19,19:28:38,GOOGL,368.03,-3.56,0
2026-06-19,19:28:38,NVDA,210.69,-3.56,0
2026-06-19,19:28:38,META,577.22,-3.56,0
2026-06-19,19:28:38,AAPL,298.01,-3.56,0
2026-06-19,19:28:38,AMD,537.37,-3.56,0
2026-06-19,19:28:38,TSM,462.12,-3.56,0
2026-06-19,19:28:38,AMZN,244.39,-3.56,0
2026-06-19,21:14:44,MSFT,379.4,-3.56,0
2026-06-19,21:14:44,GOOGL,368.03,-3.56,0
2026-06-19,21:14:44,NVDA,210.69,-3.56,0
2026-06-19,21:14:44,META,577.22,-3.56,0
2026-06-19,21:14:44,AAPL,298.01,-3.56,0
2026-06-19,21:14:44,AMD,537.37,-3.56,0
2026-06-19,21:14:44,TSM,462.12,-3.56,0
2026-06-19,21:14:44,AMZN,244.39,-3.56,0
2026-06-19,22:41:28,MSFT,379.4,-3.56,0
2026-06-19,22:41:28,GOOGL,368.03,-3.56,0
2026-06-19,22:41:28,NVDA,210.69,0.14,0
2026-06-19,22:41:28,META,577.22,-3.56,0
2026-06-19,22:41:28,AAPL,298.01,-3.56,0
2026-06-19,22:41:28,AMD,537.37,-3.56,0
2026-06-19,22:41:28,TSM,462.12,-3.56,0
2026-06-19,22:41:28,AMZN,244.39,-3.56,0
2026-06-20,15:21:40,MSFT,379.4,-3.56,0
2026-06-20,15:21:40,GOOGL,368.03,-3.56,0
2026-06-20,15:21:40,NVDA,210.69,-3.56,0
2026-06-20,15:21:40,META,577.22,-3.56,0
2026-06-20,15:21:40,AAPL,298.01,-3.56,0
2026-06-20,15:21:40,AMD,537.37,-3.56,0
2026-06-20,15:21:40,TSM,462.12,-3.56,0
2026-06-20,15:21:40,AMZN,244.39,-3.56,0
2026-06-20,17:40:43,MSFT,379.4,-3.56,0
2026-06-20,17:40:43,GOOGL,368.03,-3.56,0
2026-06-20,17:40:43,NVDA,210.69,-3.56,0
2026-06-20,17:40:43,META,577.22,-3.56,0
2026-06-20,17:40:43,AAPL,298.01,-3.56,0
2026-06-20,17:40:43,AMD,537.37,-3.56,0
2026-06-20,17:40:43,TSM,462.12,-3.56,0
2026-06-20,17:40:43,AMZN,244.39,-3.56,0
2026-06-20,19:12:59,MSFT,379.4,-3.56,0
2026-06-20,19:12:59,GOOGL,368.03,-3.56,0
2026-06-20,19:12:59,NVDA,210.69,-3.56,0
2026-06-20,19:12:59,META,577.22,-3.56,0
2026-06-20,19:12:59,AAPL,298.01,-3.56,0
2026-06-20,19:12:59,AMD,537.37,-3.56,0
2026-06-20,19:12:59,TSM,462.12,-3.56,0
2026-06-20,19:12:59,AMZN,244.39,-3.56,0
2026-06-20,21:23:55,MSFT,379.4,-3.56,0
2026-06-20,21:23:55,GOOGL,368.03,-3.56,0
2026-06-20,21:23:55,NVDA,210.69,-3.56,0
2026-06-20,21:23:55,META,577.22,-3.56,0
2026-06-20,21:23:55,AAPL,298.01,-3.56,0
2026-06-20,21:23:55,AMD,537.37,-3.56,0
2026-06-20,21:23:55,TSM,462.12,-3.56,0
2026-06-20,21:23:55,AMZN,244.39,-3.56,0
2026-06-20,22:55:16,MSFT,379.4,-3.56,0
2026-06-20,22:55:16,GOOGL,368.03,-3.56,0
2026-06-20,22:55:16,NVDA,210.69,-3.56,0
2026-06-20,22:55:16,META,577.22,-3.56,0
2026-06-20,22:55:16,AAPL,298.01,-3.56,0
2026-06-20,22:55:16,AMD,537.37,-3.56,0
2026-06-20,22:55:16,TSM,462.12,-3.56,0
2026-06-20,22:55:16,AMZN,244.39,-3.56,0
2026-06-21,15:25:18,MSFT,379.4,-3.56,0
2026-06-21,15:25:18,GOOGL,368.03,-3.56,0
2026-06-21,15:25:18,NVDA,210.69,-3.56,0
2026-06-21,15:25:18,META,577.22,-3.56,0
2026-06-21,15:25:18,AAPL,298.01,-3.56,0
2026-06-21,15:25:18,AMD,537.37,-3.56,0
2026-06-21,15:25:18,TSM,462.12,-3.56,0
2026-06-21,15:25:18,AMZN,244.39,-3.56,0
2026-06-21,17:45:06,MSFT,379.4,-3.56,0
2026-06-21,17:45:06,GOOGL,368.03,-3.56,0
2026-06-21,17:45:06,NVDA,210.69,-3.56,0
2026-06-21,17:45:06,META,577.22,-3.56,0
2026-06-21,17:45:06,AAPL,298.01,-3.56,0
2026-06-21,17:45:06,AMD,537.37,-3.56,0
2026-06-21,17:45:06,TSM,462.12,-3.56,0
2026-06-21,17:45:06,AMZN,244.39,-3.56,0
2026-06-21,19:18:59,MSFT,379.4,-3.56,0
2026-06-21,19:18:59,GOOGL,368.03,-3.56,0
2026-06-21,19:18:59,NVDA,210.69,0.14,0
2026-06-21,19:18:59,META,577.22,-3.56,0
2026-06-21,19:18:59,AAPL,298.01,-3.56,0
2026-06-21,19:18:59,AMD,537.37,-3.56,0
2026-06-21,19:18:59,TSM,462.12,-3.56,0
2026-06-21,19:18:59,AMZN,244.39,-3.56,0
2026-06-21,21:21:22,MSFT,379.4,-3.56,0
2026-06-21,21:21:22,GOOGL,368.03,-3.56,0
2026-06-21,21:21:22,NVDA,210.69,-3.56,0
2026-06-21,21:21:22,META,577.22,-3.56,0
2026-06-21,21:21:22,AAPL,298.01,-3.56,0
2026-06-21,21:21:22,AMD,537.37,-3.56,0
2026-06-21,21:21:22,TSM,462.12,-3.56,0
2026-06-21,21:21:22,AMZN,244.39,-3.56,0
2026-06-21,22:56:26,MSFT,379.4,-3.56,0
2026-06-21,22:56:26,GOOGL,368.03,-3.56,0
2026-06-21,22:56:26,NVDA,210.69,-3.56,0
2026-06-21,22:56:26,META,577.22,-3.56,0
2026-06-21,22:56:26,AAPL,298.01,-3.56,0
2026-06-21,22:56:26,AMD,537.37,-3.56,0
2026-06-21,22:56:26,TSM,462.12,-3.56,0
2026-06-21,22:56:26,AMZN,244.39,-3.56,0
2026-06-22,18:03:32,MSFT,369.92,2.73,0
2026-06-22,18:03:32,GOOGL,347.5,2.73,0
2026-06-22,18:03:32,NVDA,208.6,2.73,0
2026-06-22,18:03:32,META,564.4,2.73,0
2026-06-22,18:03:32,AAPL,298.9,2.75,0
2026-06-22,18:03:32,AMD,545.1,2.75,0
2026-06-22,18:03:32,TSM,466.79,2.75,0
2026-06-22,18:03:32,AMZN,234.0,2.75,0
2026-06-22,19:36:23,MSFT,369.9,1.81,0
2026-06-22,19:36:23,GOOGL,349.6,1.81,0
2026-06-22,19:36:23,NVDA,207.82,1.81,0
2026-06-22,19:36:23,META,564.58,1.81,0
2026-06-22,19:36:23,AAPL,297.37,1.81,0
2026-06-22,19:36:23,AMD,545.67,1.81,0
2026-06-22,19:36:23,TSM,466.19,1.87,0
2026-06-22,19:36:23,AMZN,233.31,1.87,0
2026-06-22,20:36:12,MSFT,367.34,0.56,0
2026-06-22,20:36:12,GOOGL,349.56,0.56,0
2026-06-22,20:36:12,NVDA,208.65,0.56,0
2026-06-22,20:36:12,META,563.85,0.56,0
2026-06-22,20:36:12,AAPL,297.01,0.56,0
2026-06-22,20:36:12,AMD,551.63,0.56,0
2026-06-22,20:36:12,TSM,467.67,0.56,0
2026-06-22,20:36:12,AMZN,232.79,0.56,0
2026-06-22,22:09:08,MSFT,367.34,0.56,0
2026-06-22,22:09:08,GOOGL,349.56,0.56,0
2026-06-22,22:09:08,NVDA,208.65,0.56,0
2026-06-22,22:09:08,META,563.85,0.56,0
2026-06-22,22:09:08,AAPL,297.01,0.56,0
2026-06-22,22:09:08,AMD,551.63,0.56,0
2026-06-22,22:09:08,TSM,467.67,0.56,0
2026-06-22,22:09:08,AMZN,232.79,0.56,0
2026-06-22,23:09:35,MSFT,367.34,0.56,0
2026-06-22,23:09:35,GOOGL,349.56,0.29,0
2026-06-22,23:09:35,NVDA,208.65,0.56,0
2026-06-22,23:09:35,META,563.85,0.56,0
2026-06-22,23:09:35,AAPL,297.01,0.56,0
2026-06-22,23:09:35,AMD,551.63,0.56,0
2026-06-22,23:09:35,TSM,467.67,0.56,0
2026-06-22,23:09:35,AMZN,232.79,0.56,0
2026-06-23,16:08:55,MSFT,372.7,5.19,0
2026-06-23,16:08:55,GOOGL,345.52,5.19,0
2026-06-23,16:08:55,NVDA,202.22,5.19,0
2026-06-23,16:08:55,META,563.52,5.19,0
2026-06-23,16:08:55,AAPL,298.46,5.19,0
2026-06-23,16:08:55,AMD,525.55,5.19,0
2026-06-23,16:08:55,TSM,442.69,5.19,0
2026-06-23,16:08:55,AMZN,234.61,5.38,0
2026-06-23,18:05:27,MSFT,373.87,4.5,0
2026-06-23,18:05:27,GOOGL,346.72,4.5,0
2026-06-23,18:05:27,NVDA,201.72,4.5,0
2026-06-23,18:05:27,META,564.09,4.67,0
2026-06-23,18:05:27,AAPL,298.96,4.64,0
2026-06-23,18:05:27,AMD,520.28,4.67,0
2026-06-23,18:05:27,TSM,440.83,4.67,0
2026-06-23,18:05:27,AMZN,235.32,4.66,0
2026-06-23,19:52:09,MSFT,374.38,0.093,0
2026-06-23,19:52:09,GOOGL,347.8,0.093,0
2026-06-23,19:52:09,NVDA,200.97,0.093,0
2026-06-23,19:52:09,META,562.98,0.093,0
2026-06-23,19:52:09,AAPL,296.11,0.093,0
2026-06-23,19:52:09,AMD,518.53,0.093,0
2026-06-23,19:52:09,TSM,437.47,0.093,0
2026-06-23,19:52:09,AMZN,235.27,0.093,0
2026-06-23,21:46:39,MSFT,373.94,0.37,0
2026-06-23,21:46:39,GOOGL,346.13,0.37,0
2026-06-23,21:46:39,NVDA,200.0,0.37,0
2026-06-23,21:46:39,META,562.2,0.37,0
2026-06-23,21:46:39,AAPL,294.3,0.37,0
2026-06-23,21:46:39,AMD,519.85,0.37,0
2026-06-23,21:46:39,TSM,436.39,0.37,0
2026-06-23,21:46:39,AMZN,234.11,0.37,0
2026-06-23,22:56:15,MSFT,373.94,0.37,0
2026-06-23,22:56:15,GOOGL,346.09,0.37,0
2026-06-23,22:56:15,NVDA,200.0,0.37,0
2026-06-23,22:56:15,META,562.2,0.37,0
2026-06-23,22:56:15,AAPL,294.3,0.37,0
2026-06-23,22:56:15,AMD,519.85,0.37,0
2026-06-23,22:56:15,TSM,436.39,0.37,0
2026-06-23,22:56:15,AMZN,234.11,0.37,0
2026-06-24,15:41:44,MSFT,373.63,2.44,0
2026-06-24,15:41:44,GOOGL,350.5,2.44,0
2026-06-24,15:41:44,NVDA,200.72,2.44,0
2026-06-24,15:41:44,META,563.9,2.44,0
2026-06-24,15:41:44,AAPL,298.67,2.44,0
2026-06-24,15:41:44,AMD,518.46,2.44,0
2026-06-24,15:41:44,TSM,441.31,2.33,0
2026-06-24,15:41:44,AMZN,241.05,2.33,0
2026-06-24,18:01:58,MSFT,371.21,6.97,0
2026-06-24,18:01:58,GOOGL,349.43,6.91,0
2026-06-24,18:01:58,NVDA,197.8,6.91,0
2026-06-24,18:01:58,META,557.68,6.91,0
2026-06-24,18:01:58,AAPL,296.38,6.91,0
2026-06-24,18:01:58,AMD,510.58,6.91,0
2026-06-24,18:01:58,TSM,437.16,6.91,0
2026-06-24,18:01:58,AMZN,238.57,6.91,0
2026-06-24,19:28:05,MSFT,368.81,7.03,0
2026-06-24,19:28:05,GOOGL,344.79,7.03,0
2026-06-24,19:28:05,NVDA,197.73,7.03,0
2026-06-24,19:28:05,META,558.57,7.03,0
2026-06-24,19:28:05,AAPL,295.03,7.03,0
2026-06-24,19:28:05,AMD,510.13,7.03,0
2026-06-24,19:28:05,TSM,436.71,7.03,0
2026-06-24,19:28:05,AMZN,236.03,7.03,0
2026-06-24,21:28:02,MSFT,365.46,8.02,0
2026-06-24,21:28:02,GOOGL,345.28,8.02,0
2026-06-24,21:28:02,NVDA,199.0,8.02,0
2026-06-24,21:28:02,META,557.8,8.02,0
2026-06-24,21:28:02,AAPL,293.17,8.02,0
2026-06-24,21:28:02,AMD,519.05,8.02,0
2026-06-24,21:28:02,TSM,440.83,8.02,0
2026-06-24,21:28:02,AMZN,234.37,8.02,0
2026-06-24,22:57:26,MSFT,365.46,8.02,0
2026-06-24,22:57:26,GOOGL,345.29,8.02,0
2026-06-24,22:57:26,NVDA,199.0,8.02,0
2026-06-24,22:57:26,META,557.67,8.02,0
2026-06-24,22:57:26,AAPL,293.17,8.02,0
2026-06-24,22:57:26,AMD,519.05,8.02,0
2026-06-24,22:57:26,TSM,440.83,8.02,0
2026-06-24,22:57:26,AMZN,234.37,8.02,0
2026-06-25,16:01:02,MSFT,355.43,0.83,0
2026-06-25,16:01:02,GOOGL,341.39,0.83,0
2026-06-25,16:01:02,NVDA,195.79,0.86,0
2026-06-25,16:01:02,META,549.48,0.89,0
2026-06-25,16:01:02,AAPL,278.05,0.95,0
2026-06-25,16:01:02,AMD,519.65,0.95,0
2026-06-25,16:01:02,TSM,440.42,0.95,0
2026-06-25,16:01:02,AMZN,229.88,0.95,0
2026-06-25,18:19:05,MSFT,353.86,-0.37,0
2026-06-25,18:19:05,GOOGL,342.39,0.33,0
2026-06-25,18:19:05,NVDA,194.65,-0.37,0
2026-06-25,18:19:05,META,546.74,-0.37,0
2026-06-25,18:19:05,AAPL,279.62,-0.37,0
2026-06-25,18:19:05,AMD,527.5,-0.37,0
2026-06-25,18:19:05,TSM,441.67,-0.37,0
2026-06-25,18:19:05,AMZN,229.22,-0.37,0
2026-06-25,19:48:04,MSFT,353.48,0.46,0
2026-06-25,19:48:04,GOOGL,341.82,0.46,0
2026-06-25,19:48:04,NVDA,194.67,0.46,0
2026-06-25,19:48:04,META,544.6,0.46,0
2026-06-25,19:48:04,AAPL,275.06,0.46,0
2026-06-25,19:48:04,AMD,526.04,0.46,0
2026-06-25,19:48:04,TSM,435.13,0.46,0
2026-06-25,19:48:04,AMZN,226.88,0.46,0
2026-06-25,21:48:55,MSFT,352.83,0.77,0
2026-06-25,21:48:55,GOOGL,343.71,0.77,0
2026-06-25,21:48:55,NVDA,195.74,0.77,0
2026-06-25,21:48:55,META,542.87,0.77,0
2026-06-25,21:48:55,AAPL,275.15,0.77,0
2026-06-25,21:48:55,AMD,532.57,0.77,0
2026-06-25,21:48:55,TSM,434.99,0.77,0
2026-06-25,21:48:55,AMZN,227.01,0.77,0
2026-06-25,23:05:04,MSFT,352.83,0.77,0
2026-06-25,23:05:04,GOOGL,343.71,0.77,0
2026-06-25,23:05:04,NVDA,195.74,0.77,0
2026-06-25,23:05:04,META,542.87,0.77,0
2026-06-25,23:05:04,AAPL,275.15,0.77,0
2026-06-25,23:05:04,AMD,532.57,0.77,0
2026-06-25,23:05:04,TSM,434.99,0.77,0
2026-06-25,23:05:04,AMZN,227.01,0.77,0
2026-06-26,15:38:43,MSFT,370.62,-7.33,0
2026-06-26,15:38:43,GOOGL,343.1,-7.2,0
2026-06-26,15:38:43,NVDA,195.02,-7.2,0
2026-06-26,15:38:43,META,555.77,-7.2,0
2026-06-26,15:38:43,AAPL,278.3,-7.2,0
2026-06-26,15:38:43,AMD,516.82,-7.2,0
2026-06-26,15:38:43,TSM,429.47,-7.2,0
2026-06-26,15:38:43,AMZN,232.2,-7.2,0
2026-06-26,17:56:49,MSFT,370.43,0.6,0
2026-06-26,17:56:49,GOOGL,341.7,0.6,0
2026-06-26,17:56:49,NVDA,194.45,0.6,0
2026-06-26,17:56:49,META,555.22,0.6,0
2026-06-26,17:56:49,AAPL,278.83,0.6,0
2026-06-26,17:56:49,AMD,519.51,0.6,0
2026-06-26,17:56:49,TSM,433.79,0.6,0
2026-06-26,17:56:49,AMZN,230.56,0.63,0
2026-06-26,19:29:45,MSFT,369.93,1.01,0
2026-06-26,19:29:45,GOOGL,341.83,1.01,0
2026-06-26,19:29:45,NVDA,193.95,1.01,0
2026-06-26,19:29:45,META,550.21,1.01,0
2026-06-26,19:29:45,AAPL,280.39,1.01,0
2026-06-26,19:29:45,AMD,518.72,1.01,0
2026-06-26,19:29:45,TSM,431.36,1.0,0
2026-06-26,19:29:45,AMZN,228.2,1.0,0
2026-06-26,21:23:59,MSFT,372.97,3.14,0
2026-06-26,21:23:59,GOOGL,337.39,3.14,0
2026-06-26,21:23:59,NVDA,192.53,3.14,0
2026-06-26,21:23:59,META,550.25,3.14,0
2026-06-26,21:23:59,AAPL,283.78,3.14,0
2026-06-26,21:23:59,AMD,521.58,3.14,0
2026-06-26,21:23:59,TSM,432.35,3.14,0
2026-06-26,21:23:59,AMZN,232.69,3.14,0
2026-06-26,22:57:18,MSFT,372.97,3.14,0
2026-06-26,22:57:18,GOOGL,337.39,3.14,0
2026-06-26,22:57:18,NVDA,192.53,3.14,0
2026-06-26,22:57:18,META,550.25,3.14,0
2026-06-26,22:57:18,AAPL,283.78,3.14,0
2026-06-26,22:57:18,AMD,521.58,3.14,0
2026-06-26,22:57:18,TSM,432.35,3.14,0
2026-06-26,22:57:18,AMZN,232.69,3.14,0
2026-06-27,15:00:57,MSFT,372.97,3.14,0
2026-06-27,15:00:57,GOOGL,337.39,3.14,0
2026-06-27,15:00:57,NVDA,192.53,3.14,0
2026-06-27,15:00:57,META,550.25,3.14,0
2026-06-27,15:00:57,AAPL,283.78,3.14,0
2026-06-27,15:00:57,AMD,521.58,-0.086,0
2026-06-27,15:00:57,TSM,432.35,3.14,0
2026-06-27,15:00:57,AMZN,232.69,3.14,0
2026-06-27,17:18:13,MSFT,372.97,-0.086,0
2026-06-27,17:18:13,GOOGL,337.39,3.14,0
2026-06-27,17:18:13,NVDA,192.53,3.14,0
2026-06-27,17:18:13,META,550.25,3.14,0
2026-06-27,17:18:13,AAPL,283.78,3.14,0
2026-06-27,17:18:13,AMD,521.58,3.14,0
2026-06-27,17:18:13,TSM,432.35,3.14,0
2026-06-27,17:18:13,AMZN,232.69,-0.086,0
2026-06-27,19:06:40,MSFT,372.97,3.14,0
2026-06-27,19:06:40,GOOGL,337.39,3.14,0
2026-06-27,19:06:40,NVDA,192.53,3.14,0
2026-06-27,19:06:40,META,550.25,3.14,0
2026-06-27,19:06:40,AAPL,283.78,3.14,0
2026-06-27,19:06:40,AMD,521.58,3.14,0
2026-06-27,19:06:40,TSM,432.35,3.14,0
2026-06-27,19:06:40,AMZN,232.69,3.14,0
2026-06-27,21:11:41,MSFT,372.97,3.14,0
2026-06-27,21:11:41,GOOGL,337.39,3.14,0
2026-06-27,21:11:41,NVDA,192.53,3.14,0
2026-06-27,21:11:41,META,550.25,3.14,0
2026-06-27,21:11:41,AAPL,283.78,3.14,0
2026-06-27,21:11:41,AMD,521.58,3.14,0
2026-06-27,21:11:41,TSM,432.35,3.14,0
2026-06-27,21:11:41,AMZN,232.69,3.14,0
2026-06-27,22:48:43,MSFT,372.97,3.14,0
2026-06-27,22:48:43,GOOGL,337.39,3.14,0
2026-06-27,22:48:43,NVDA,192.53,3.14,0
2026-06-27,22:48:43,META,550.25,3.14,0
2026-06-27,22:48:43,AAPL,283.78,3.14,0
2026-06-27,22:48:43,AMD,521.58,3.14,0
2026-06-27,22:48:43,TSM,432.35,3.14,0
2026-06-27,22:48:43,AMZN,232.69,3.14,0
2026-06-28,15:02:45,MSFT,372.97,3.14,0
2026-06-28,15:02:45,GOOGL,337.39,3.14,0
2026-06-28,15:02:45,NVDA,192.53,3.14,0
2026-06-28,15:02:45,META,550.25,3.14,0
2026-06-28,15:02:45,AAPL,283.78,3.14,0
2026-06-28,15:02:45,AMD,521.58,3.14,0
2026-06-28,15:02:45,TSM,432.35,3.14,0
2026-06-28,15:02:45,AMZN,232.69,3.14,0
2026-06-28,17:20:24,MSFT,372.97,3.14,0
2026-06-28,17:20:24,GOOGL,337.39,3.14,0
2026-06-28,17:20:24,NVDA,192.53,3.14,0
2026-06-28,17:20:24,META,550.25,3.14,0
2026-06-28,17:20:24,AAPL,283.78,3.14,0
2026-06-28,17:20:24,AMD,521.58,3.14,0
2026-06-28,17:20:24,TSM,432.35,3.14,0
2026-06-28,17:20:24,AMZN,232.69,3.14,0
2026-06-28,19:05:42,MSFT,372.97,3.14,0
2026-06-28,19:05:42,GOOGL,337.39,3.14,0
2026-06-28,19:05:42,NVDA,192.53,3.14,0
2026-06-28,19:05:42,META,550.25,3.14,0
2026-06-28,19:05:42,AAPL,283.78,3.14,0
2026-06-28,19:05:42,AMD,521.58,3.14,0
2026-06-28,19:05:42,TSM,432.35,3.14,0
2026-06-28,19:05:42,AMZN,232.69,3.14,0
2026-06-28,21:10:04,MSFT,372.97,3.14,0
2026-06-28,21:10:04,GOOGL,337.39,3.14,0
2026-06-28,21:10:04,NVDA,192.53,3.14,0
2026-06-28,21:10:04,META,550.25,3.14,0
2026-06-28,21:10:04,AAPL,283.78,3.14,0
2026-06-28,21:10:04,AMD,521.58,3.14,0
2026-06-28,21:10:04,TSM,432.35,3.14,0
2026-06-28,21:10:04,AMZN,232.69,3.14,0
2026-06-28,22:49:19,MSFT,372.97,3.14,0
2026-06-28,22:49:19,GOOGL,337.39,3.14,0
2026-06-28,22:49:19,NVDA,192.53,3.14,0
2026-06-28,22:49:19,META,550.25,3.14,0
2026-06-28,22:49:19,AAPL,283.78,3.14,0
2026-06-28,22:49:19,AMD,521.58,3.14,0
2026-06-28,22:49:19,TSM,432.35,3.14,0
2026-06-28,22:49:19,AMZN,232.69,3.14,0
2026-06-29,16:45:23,MSFT,367.54,6.56,0
2026-06-29,16:45:23,GOOGL,350.93,6.6,0
2026-06-29,16:45:23,NVDA,193.09,6.6,0
2026-06-29,16:45:23,META,564.28,6.6,0
2026-06-29,16:45:23,AAPL,280.23,6.54,0
2026-06-29,16:45:23,AMD,532.73,6.54,0
2026-06-29,16:45:23,TSM,451.38,6.54,0
2026-06-29,16:45:23,AMZN,239.9,6.54,0
2026-06-29,18:12:55,MSFT,368.42,5.76,0
2026-06-29,18:12:55,GOOGL,353.02,5.76,0
2026-06-29,18:12:55,NVDA,193.79,5.76,0
2026-06-29,18:12:55,META,565.33,0.71,0
2026-06-29,18:12:55,AAPL,281.42,5.76,0
2026-06-29,18:12:55,AMD,539.63,5.76,0
2026-06-29,18:12:55,TSM,451.83,0.71,0
2026-06-29,18:12:55,AMZN,240.58,5.76,0
2026-06-29,19:46:01,MSFT,368.23,-0.34,0
2026-06-29,19:46:01,GOOGL,354.3,-0.32,0
2026-06-29,19:46:01,NVDA,194.89,-0.32,0
2026-06-29,19:46:01,META,566.03,-0.32,0
2026-06-29,19:46:01,AAPL,281.71,-0.32,0
2026-06-29,19:46:01,AMD,537.47,-0.32,0
2026-06-29,19:46:01,TSM,453.54,-0.32,0
2026-06-29,19:46:01,AMZN,239.99,-0.32,0
2026-06-29,21:39:40,MSFT,368.57,-0.71,0
2026-06-29,21:39:40,GOOGL,353.65,-0.71,0
2026-06-29,21:39:40,NVDA,194.97,-0.71,0
2026-06-29,21:39:40,META,562.6,-0.71,0
2026-06-29,21:39:40,AAPL,281.74,-0.71,0
2026-06-29,21:39:40,AMD,539.49,-0.71,0
2026-06-29,21:39:40,TSM,455.1,-0.71,0
2026-06-29,21:39:40,AMZN,240.14,-0.71,0
2026-06-29,22:44:06,MSFT,368.57,-0.71,0
2026-06-29,22:44:06,GOOGL,353.65,-0.71,0
2026-06-29,22:44:06,NVDA,194.97,-0.71,0
2026-06-29,22:44:06,META,562.6,-0.71,0
2026-06-29,22:44:06,AAPL,281.74,-0.71,0
2026-06-29,22:44:06,AMD,539.49,-0.71,0
2026-06-29,22:44:06,TSM,455.1,-0.71,0
2026-06-29,22:44:06,AMZN,240.14,-0.71,0
2026-06-30,16:04:05,MSFT,371.34,6.53,0
2026-06-30,16:04:05,GOOGL,357.15,6.57,0
2026-06-30,16:04:05,NVDA,198.08,6.57,0
2026-06-30,16:04:05,META,557.29,6.57,0
2026-06-30,16:04:05,AAPL,289.08,6.51,0
2026-06-30,16:04:05,AMD,576.32,6.51,0
2026-06-30,16:04:05,TSM,468.85,6.51,0
2026-06-30,16:04:05,AMZN,239.49,6.51,0
2026-06-30,18:03:55,MSFT,370.97,0.75,0
2026-06-30,18:03:55,GOOGL,356.15,0.78,0
2026-06-30,18:03:55,NVDA,198.54,0.78,0
2026-06-30,18:03:55,META,560.4,0.78,0
2026-06-30,18:03:55,AAPL,288.96,0.78,0
2026-06-30,18:03:55,AMD,581.21,0.75,0
2026-06-30,18:03:55,TSM,471.66,0.75,0
2026-06-30,18:03:55,AMZN,238.61,0.75,0
2026-06-30,19:44:47,MSFT,371.94,0.95,0
2026-06-30,19:44:47,GOOGL,357.63,0.95,0
2026-06-30,19:44:47,NVDA,199.03,0.95,0
2026-06-30,19:44:47,META,562.22,0.95,0
2026-06-30,19:44:47,AAPL,287.91,0.95,0
2026-06-30,19:44:47,AMD,582.23,0.95,0
2026-06-30,19:44:47,TSM,475.97,0.95,0
2026-06-30,19:44:47,AMZN,238.54,0.95,0
2026-06-30,21:42:05,MSFT,373.02,2.63,0
2026-06-30,21:42:05,GOOGL,357.37,2.63,0
2026-06-30,21:42:05,NVDA,200.09,2.63,0
2026-06-30,21:42:05,META,563.29,2.63,0
2026-06-30,21:42:05,AAPL,289.36,2.63,0
2026-06-30,21:42:05,AMD,580.91,2.63,0
2026-06-30,21:42:05,TSM,477.57,2.63,0
2026-06-30,21:42:05,AMZN,238.34,2.63,0
2026-06-30,23:00:49,MSFT,373.02,2.63,0
2026-06-30,23:00:49,GOOGL,357.37,2.63,0
2026-06-30,23:00:49,NVDA,200.09,2.63,0
2026-06-30,23:00:49,META,563.29,2.63,0
2026-06-30,23:00:49,AAPL,289.36,2.63,0
2026-06-30,23:00:49,AMD,580.91,2.63,0
2026-06-30,23:00:49,TSM,477.57,2.63,0
2026-06-30,23:00:49,AMZN,238.34,2.63,0
2026-07-01,16:05:20,MSFT,385.89,-1.6,0
2026-07-01,16:05:20,GOOGL,359.19,-1.61,0
2026-07-01,16:05:20,NVDA,196.87,-1.61,0
2026-07-01,16:05:20,META,618.71,-1.61,0
2026-07-01,16:05:20,AAPL,295.47,-1.61,0
2026-07-01,16:05:20,AMD,550.0,-1.61,0
2026-07-01,16:05:20,TSM,446.65,-1.61,0
2026-07-01,16:05:20,AMZN,242.15,-1.61,0
2026-07-01,18:04:02,MSFT,388.03,0.21,0
2026-07-01,18:04:02,GOOGL,360.49,0.91,0
2026-07-01,18:04:02,NVDA,198.8,0.91,0
2026-07-01,18:04:02,META,621.39,0.91,0
2026-07-01,18:04:02,AAPL,293.42,0.91,0
2026-07-01,18:04:02,AMD,549.76,0.91,0
2026-07-01,18:04:02,TSM,445.61,0.83,0
2026-07-01,18:04:02,AMZN,244.05,0.83,0
2026-07-01,19:41:56,MSFT,385.46,1.09,0
2026-07-01,19:41:56,GOOGL,360.98,1.09,0
2026-07-01,19:41:56,NVDA,198.57,1.09,0
2026-07-01,19:41:56,META,616.58,1.09,0
2026-07-01,19:41:56,AAPL,294.08,1.09,0
2026-07-01,19:41:56,AMD,544.32,1.09,0
2026-07-01,19:41:56,TSM,446.29,1.09,0
2026-07-01,19:41:56,AMZN,242.19,1.08,0
2026-07-01,21:41:17,MSFT,384.28,0.44,0
2026-07-01,21:41:17,GOOGL,361.21,0.44,0
2026-07-01,21:41:17,NVDA,197.58,0.44,0
2026-07-01,21:41:17,META,612.91,0.44,0
2026-07-01,21:41:17,AAPL,294.38,0.44,0
2026-07-01,21:41:17,AMD,540.88,0.44,0
2026-07-01,21:41:17,TSM,444.23,-0.027,0
2026-07-01,21:41:17,AMZN,241.7,0.44,0
2026-07-01,22:59:09,MSFT,384.28,0.44,0
2026-07-01,22:59:09,GOOGL,361.21,0.44,0
2026-07-01,22:59:09,NVDA,197.58,0.44,0
2026-07-01,22:59:09,META,612.91,0.44,0
2026-07-01,22:59:09,AAPL,294.38,0.44,0
2026-07-01,22:59:09,AMD,540.88,0.44,0
2026-07-01,22:59:09,TSM,444.23,0.44,0
2026-07-01,22:59:09,AMZN,241.7,0.44,0
2026-07-02,15:40:31,MSFT,388.62,-1.61,0
2026-07-02,15:40:31,GOOGL,357.24,-1.61,0
2026-07-02,15:40:31,NVDA,195.47,-1.61,0
2026-07-02,15:40:31,META,589.04,-1.61,0
2026-07-02,15:40:31,AAPL,306.53,-1.68,0
2026-07-02,15:40:31,AMD,524.86,-1.68,0
2026-07-02,15:40:31,TSM,446.17,-1.68,0
2026-07-02,15:40:31,AMZN,245.84,-1.68,0
2026-07-02,17:57:22,MSFT,390.66,-1.98,0
2026-07-02,17:57:22,GOOGL,356.57,-1.98,0
2026-07-02,17:57:22,NVDA,192.85,-1.98,0
2026-07-02,17:57:22,META,584.93,-1.96,0
2026-07-02,17:57:22,AAPL,307.46,-1.96,0
2026-07-02,17:57:22,AMD,509.4,-1.96,0
2026-07-02,17:57:22,TSM,432.29,-1.96,0
2026-07-02,17:57:22,AMZN,244.06,-1.98,0
2026-07-02,19:12:32,MSFT,392.18,-2.15,0
2026-07-02,19:12:32,GOOGL,359.26,-2.15,0
2026-07-02,19:12:32,NVDA,192.8,-2.15,0
2026-07-02,19:12:32,META,586.0,-2.15,0
2026-07-02,19:12:32,AAPL,308.08,-2.15,0
2026-07-02,19:12:32,AMD,508.38,-2.15,0
2026-07-02,19:12:32,TSM,431.53,-2.15,0
2026-07-02,19:12:32,AMZN,243.53,-2.15,0
2026-07-02,21:16:07,MSFT,390.49,-1.39,0
2026-07-02,21:16:07,GOOGL,359.91,-1.39,0
2026-07-02,21:16:07,NVDA,194.83,-1.39,0
2026-07-02,21:16:07,META,582.9,-1.39,0
2026-07-02,21:16:07,AAPL,308.63,-1.39,0
2026-07-02,21:16:07,AMD,517.82,-1.39,0
2026-07-02,21:16:07,TSM,434.16,-1.39,0
2026-07-02,21:16:07,AMZN,242.67,-1.39,0
2026-07-02,22:53:29,MSFT,390.49,-1.39,0
2026-07-02,22:53:29,GOOGL,359.91,-1.39,0
2026-07-02,22:53:29,NVDA,194.83,-1.39,0
2026-07-02,22:53:29,META,582.9,-1.39,0
2026-07-02,22:53:29,AAPL,308.63,-1.39,0
2026-07-02,22:53:29,AMD,517.82,-1.39,0
2026-07-02,22:53:29,TSM,434.16,-1.39,0
2026-07-02,22:53:29,AMZN,242.67,-1.39,0
2026-07-03,15:33:38,MSFT,390.49,-1.39,0
2026-07-03,15:33:38,GOOGL,359.91,1.14,0
2026-07-03,15:33:38,NVDA,194.83,-1.39,0
2026-07-03,15:33:38,META,582.9,-1.39,0
2026-07-03,15:33:38,AAPL,308.63,1.14,0
2026-07-03,15:33:38,AMD,517.82,-1.39,0
2026-07-03,15:33:38,TSM,434.16,-1.39,0
2026-07-03,15:33:38,AMZN,242.67,1.14,0
2026-07-03,17:39:55,MSFT,390.49,-1.39,0
2026-07-03,17:39:55,GOOGL,359.91,-1.39,0
2026-07-03,17:39:55,NVDA,194.83,-1.39,0
2026-07-03,17:39:55,META,582.9,-1.39,0
2026-07-03,17:39:55,AAPL,308.63,-1.39,0
2026-07-03,17:39:55,AMD,517.82,-1.39,0
2026-07-03,17:39:55,TSM,434.16,-1.39,0
2026-07-03,17:39:55,AMZN,242.67,-1.39,0
2026-07-03,19:05:46,MSFT,390.49,-1.39,0
2026-07-03,19:05:46,GOOGL,359.91,-1.39,0
2026-07-03,19:05:46,NVDA,194.83,-1.39,0
2026-07-03,19:05:46,META,582.9,-1.39,0
2026-07-03,19:05:46,AAPL,308.63,-1.39,0
2026-07-03,19:05:46,AMD,517.82,-1.39,0
2026-07-03,19:05:46,TSM,434.16,-1.39,0
2026-07-03,19:05:46,AMZN,242.67,-1.39,0
2026-07-03,21:14:53,MSFT,390.49,-1.39,0
2026-07-03,21:14:53,GOOGL,359.91,-1.39,0
2026-07-03,21:14:53,NVDA,194.83,-1.39,0
2026-07-03,21:14:53,META,582.9,-1.39,0
2026-07-03,21:14:53,AAPL,308.63,-1.39,0
2026-07-03,21:14:53,AMD,517.82,-1.39,0
2026-07-03,21:14:53,TSM,434.16,-1.39,0
2026-07-03,21:14:53,AMZN,242.67,-1.39,0
2026-07-03,22:49:53,MSFT,390.49,-1.39,0
2026-07-03,22:49:53,GOOGL,359.91,-1.39,0
2026-07-03,22:49:53,NVDA,194.83,-1.39,0
2026-07-03,22:49:53,META,582.9,-1.39,0
2026-07-03,22:49:53,AAPL,308.63,-1.39,0
2026-07-03,22:49:53,AMD,517.82,-1.39,0
2026-07-03,22:49:53,TSM,434.16,-1.39,0
2026-07-03,22:49:53,AMZN,242.67,1.14,0
2026-07-04,14:49:24,MSFT,390.49,-1.39,0
2026-07-04,14:49:24,GOOGL,359.91,-1.39,0
2026-07-04,14:49:24,NVDA,194.83,-1.39,0
2026-07-04,14:49:24,META,582.9,-1.39,0
2026-07-04,14:49:24,AAPL,308.63,-1.39,0
2026-07-04,14:49:24,AMD,517.82,-1.39,0
2026-07-04,14:49:24,TSM,434.16,-1.39,0
2026-07-04,14:49:24,AMZN,242.67,-1.39,0
2026-07-04,17:13:32,MSFT,390.49,-1.39,0
2026-07-04,17:13:32,GOOGL,359.91,-1.39,0
2026-07-04,17:13:32,NVDA,194.83,-1.39,0
2026-07-04,17:13:32,META,582.9,-1.39,0
2026-07-04,17:13:32,AAPL,308.63,-1.39,0
2026-07-04,17:13:32,AMD,517.82,-1.39,0
2026-07-04,17:13:32,TSM,434.16,-1.39,0
2026-07-04,17:13:32,AMZN,242.67,-1.39,0
2026-07-04,18:59:03,MSFT,390.49,-1.39,0
2026-07-04,18:59:03,GOOGL,359.91,-1.39,0
2026-07-04,18:59:03,NVDA,194.83,-1.39,0
2026-07-04,18:59:03,META,582.9,-1.39,0
2026-07-04,18:59:03,AAPL,308.63,-1.39,0
2026-07-04,18:59:03,AMD,517.82,-1.39,0
2026-07-04,18:59:03,TSM,434.16,-1.39,0
2026-07-04,18:59:03,AMZN,242.67,-1.39,0
2026-07-04,21:05:36,MSFT,390.49,-1.39,0
2026-07-04,21:05:36,GOOGL,359.91,-1.39,0
2026-07-04,21:05:36,NVDA,194.83,-1.39,0
2026-07-04,21:05:36,META,582.9,-1.39,0
2026-07-04,21:05:36,AAPL,308.63,-1.39,0
2026-07-04,21:05:36,AMD,517.82,-1.39,0
2026-07-04,21:05:36,TSM,434.16,-1.39,0
2026-07-04,21:05:36,AMZN,242.67,-1.39,0
2026-07-04,22:43:18,MSFT,390.49,-1.39,0
2026-07-04,22:43:18,GOOGL,359.91,-1.39,0
2026-07-04,22:43:18,NVDA,194.83,-1.39,0
2026-07-04,22:43:18,META,582.9,-1.39,0
2026-07-04,22:43:18,AAPL,308.63,-1.39,0
2026-07-04,22:43:18,AMD,517.82,-1.39,0
2026-07-04,22:43:18,TSM,434.16,-1.39,0
2026-07-04,22:43:18,AMZN,242.67,-1.39,0
2026-07-05,14:57:39,MSFT,390.49,-1.39,0
2026-07-05,14:57:39,GOOGL,359.91,-1.39,0
2026-07-05,14:57:39,NVDA,194.83,-1.39,0
2026-07-05,14:57:39,META,582.9,-1.39,0
2026-07-05,14:57:39,AAPL,308.63,-1.39,0
2026-07-05,14:57:39,AMD,517.82,-1.39,0
2026-07-05,14:57:39,TSM,434.16,-1.39,0
2026-07-05,14:57:39,AMZN,242.67,-1.39,0
2026-07-05,17:19:15,MSFT,390.49,-1.39,0
2026-07-05,17:19:15,GOOGL,359.91,-1.39,0
2026-07-05,17:19:15,NVDA,194.83,-1.39,0
2026-07-05,17:19:15,META,582.9,-1.39,0
2026-07-05,17:19:15,AAPL,308.63,-1.39,0
2026-07-05,17:19:15,AMD,517.82,-1.39,0
2026-07-05,17:19:15,TSM,434.16,-1.39,0
2026-07-05,17:19:15,AMZN,242.67,-1.39,0
2026-07-05,19:04:40,MSFT,390.49,-1.39,0
2026-07-05,19:04:40,GOOGL,359.91,-1.39,0
2026-07-05,19:04:40,NVDA,194.83,-1.39,0
2026-07-05,19:04:40,META,582.9,-1.39,0
2026-07-05,19:04:40,AAPL,308.63,-1.39,0
2026-07-05,19:04:40,AMD,517.82,-1.39,0
2026-07-05,19:04:40,TSM,434.16,-1.39,0
2026-07-05,19:04:40,AMZN,242.67,-1.39,0
2026-07-05,21:09:08,MSFT,390.49,-1.39,0
2026-07-05,21:09:08,GOOGL,359.91,-1.39,0
2026-07-05,21:09:08,NVDA,194.83,-1.39,0
2026-07-05,21:09:08,META,582.9,-1.39,0
2026-07-05,21:09:08,AAPL,308.63,-1.39,0
2026-07-05,21:09:08,AMD,517.82,-1.39,0
2026-07-05,21:09:08,TSM,434.16,-1.39,0
2026-07-05,21:09:08,AMZN,242.67,-1.39,0
2026-07-05,22:44:49,MSFT,390.49,-1.39,0
2026-07-05,22:44:49,GOOGL,359.91,-1.39,0
2026-07-05,22:44:49,NVDA,194.83,-1.39,0
2026-07-05,22:44:49,META,582.9,-1.39,0
2026-07-05,22:44:49,AAPL,308.63,-1.39,0
2026-07-05,22:44:49,AMD,517.82,-1.39,0
2026-07-05,22:44:49,TSM,434.16,-1.39,0
2026-07-05,22:44:49,AMZN,242.67,-1.39,0
2026-07-06,16:36:23,MSFT,384.71,-0.42,0
2026-07-06,16:36:23,GOOGL,363.96,-0.42,0
2026-07-06,16:36:23,NVDA,196.72,-0.067,0
2026-07-06,16:36:23,META,592.51,-0.45,0
2026-07-06,16:36:23,AAPL,312.04,-0.45,0
2026-07-06,16:36:23,AMD,560.71,-0.45,0
2026-07-06,16:36:23,TSM,456.38,-0.4,0
2026-07-06,16:36:23,AMZN,244.67,-0.4,0
2026-07-06,18:15:55,MSFT,385.91,0.055,0
2026-07-06,18:15:55,GOOGL,364.54,0.055,0
2026-07-06,18:15:55,NVDA,196.44,0.055,0
2026-07-06,18:15:55,META,596.59,0.086,0
2026-07-06,18:15:55,AAPL,312.98,0.086,0
2026-07-06,18:15:55,AMD,555.24,0.086,0
2026-07-06,18:15:55,TSM,454.5,0.096,0
2026-07-06,18:15:55,AMZN,244.95,0.055,0
2026-07-06,19:45:08,MSFT,386.68,-0.7,0
2026-07-06,19:45:08,GOOGL,367.61,-0.67,0
2026-07-06,19:45:08,NVDA,196.66,-0.67,0
2026-07-06,19:45:08,META,602.65,0.17,0
2026-07-06,19:45:08,AAPL,313.62,-0.67,0
2026-07-06,19:45:08,AMD,557.59,-0.67,0
2026-07-06,19:45:08,TSM,455.53,-0.78,0
2026-07-06,19:45:08,AMZN,244.97,-0.78,0
2026-07-06,21:41:21,MSFT,386.74,-0.98,0
2026-07-06,21:41:21,GOOGL,366.46,-0.98,0
2026-07-06,21:41:21,NVDA,195.55,-0.98,0
2026-07-06,21:41:21,META,600.29,-0.98,0
2026-07-06,21:41:21,AAPL,312.66,-0.98,0
2026-07-06,21:41:21,AMD,552.05,-0.98,0
2026-07-06,21:41:21,TSM,451.79,-0.98,0
2026-07-06,21:41:21,AMZN,244.16,-0.98,0
2026-07-06,22:53:54,MSFT,386.74,-0.98,0
2026-07-06,22:53:54,GOOGL,366.46,-0.98,0
2026-07-06,22:53:54,NVDA,195.55,-0.98,0
2026-07-06,22:53:54,META,600.29,-0.98,0
2026-07-06,22:53:54,AAPL,312.66,-0.98,0
2026-07-06,22:53:54,AMD,552.05,-0.98,0
2026-07-06,22:53:54,TSM,451.79,-0.98,0
2026-07-06,22:53:54,AMZN,244.16,-0.98,0
2026-07-07,16:01:01,MSFT,393.79,-10.34,0
2026-07-07,16:01:01,GOOGL,368.85,-10.27,0
2026-07-07,16:01:01,NVDA,194.68,-10.23,0
2026-07-07,16:01:01,META,605.08,-10.23,0
2026-07-07,16:01:01,AAPL,314.19,-10.23,0
2026-07-07,16:01:01,AMD,515.37,-10.26,0
2026-07-07,16:01:01,TSM,432.4,-10.26,0
2026-07-07,16:01:01,AMZN,243.69,-10.26,0
2026-07-07,18:05:54,MSFT,393.28,-9.08,0
2026-07-07,18:05:54,GOOGL,370.08,-9.08,0
2026-07-07,18:05:54,NVDA,197.6,-9.08,0
2026-07-07,18:05:54,META,616.36,-9.08,0
2026-07-07,18:05:54,AAPL,312.18,-9.08,0
2026-07-07,18:05:54,AMD,521.38,-9.08,0
2026-07-07,18:05:54,TSM,434.62,-9.14,0
2026-07-07,18:05:54,AMZN,246.55,-9.14,0
2026-07-07,19:44:04,MSFT,389.24,-3.72,0
2026-07-07,19:44:04,GOOGL,365.73,-3.72,0
2026-07-07,19:44:04,NVDA,195.76,-3.72,0
2026-07-07,19:44:04,META,614.28,-3.7,0
2026-07-07,19:44:04,AAPL,311.62,-3.7,0
2026-07-07,19:44:04,AMD,510.04,-3.7,0
2026-07-07,19:44:04,TSM,431.29,-3.66,0
2026-07-07,19:44:04,AMZN,245.86,-3.66,0
2026-07-07,21:35:35,MSFT,388.84,-9.66,0
2026-07-07,21:35:35,GOOGL,367.03,-9.66,0
2026-07-07,21:35:35,NVDA,196.93,-9.66,0
2026-07-07,21:35:35,META,615.58,-9.66,0
2026-07-07,21:35:35,AAPL,310.66,-9.66,0
2026-07-07,21:35:35,AMD,516.11,-9.66,0
2026-07-07,21:35:35,TSM,432.57,-9.66,0
2026-07-07,21:35:35,AMZN,245.98,-9.66,0
2026-07-07,22:48:04,MSFT,388.84,-9.66,0
2026-07-07,22:48:04,GOOGL,367.03,-9.66,0
2026-07-07,22:48:04,NVDA,196.93,-9.66,0
2026-07-07,22:48:04,META,615.58,-9.66,0
2026-07-07,22:48:04,AAPL,310.66,-9.66,0
2026-07-07,22:48:04,AMD,516.11,-9.66,0
2026-07-07,22:48:04,TSM,432.57,-9.66,0
2026-07-07,22:48:04,AMZN,245.98,-9.66,0
2026-07-08,15:40:49,MSFT,382.48,-1.67,0
2026-07-08,15:40:49,GOOGL,360.82,-1.67,0
2026-07-08,15:40:49,NVDA,197.41,-1.67,0
2026-07-08,15:40:49,META,603.33,-1.67,0
2026-07-08,15:40:49,AAPL,309.93,-1.67,0
2026-07-08,15:40:49,AMD,505.0,-1.67,0
2026-07-08,15:40:49,TSM,432.73,-1.67,0
2026-07-08,15:40:49,AMZN,241.23,-1.67,0
2026-07-08,17:44:57,MSFT,383.48,-3.52,0
2026-07-08,17:44:57,GOOGL,360.01,-3.52,0
2026-07-08,17:44:57,NVDA,202.73,-3.52,0
2026-07-08,17:44:57,META,605.44,-3.52,0
2026-07-08,17:44:57,AAPL,314.5,-3.52,0
2026-07-08,17:44:57,AMD,512.27,-3.52,0
2026-07-08,17:44:57,TSM,436.86,-3.52,0
2026-07-08,17:44:57,AMZN,241.99,-3.52,0
2026-07-08,19:11:08,MSFT,383.13,-3.52,0
2026-07-08,19:11:08,GOOGL,358.93,-3.52,0
2026-07-08,19:11:08,NVDA,204.51,-3.52,0
2026-07-08,19:11:08,META,604.33,-3.52,0
2026-07-08,19:11:08,AAPL,313.88,-3.52,0
2026-07-08,19:11:08,AMD,514.7,-3.52,0
2026-07-08,19:11:08,TSM,436.46,-3.52,0
2026-07-08,19:11:08,AMZN,242.42,-3.52,0
2026-07-08,21:15:20,MSFT,383.34,-3.95,0
2026-07-08,21:15:20,GOOGL,361.92,-3.95,0
2026-07-08,21:15:20,NVDA,204.12,-3.95,0
2026-07-08,21:15:20,META,603.12,-3.95,0
2026-07-08,21:15:20,AAPL,313.39,-3.95,0
2026-07-08,21:15:20,AMD,517.41,-3.95,0
2026-07-08,21:15:20,TSM,436.98,-3.95,0
2026-07-08,21:15:20,AMZN,243.62,-3.95,0
2026-07-08,22:51:57,MSFT,383.34,-3.95,0
2026-07-08,22:51:57,GOOGL,361.92,-3.95,0
2026-07-08,22:51:57,NVDA,204.12,-3.95,0
2026-07-08,22:51:57,META,603.12,-3.95,0
2026-07-08,22:51:57,AAPL,313.39,-1.09,0
2026-07-08,22:51:57,AMD,517.41,-3.95,0
2026-07-08,22:51:57,TSM,436.98,-3.95,0
2026-07-08,22:51:57,AMZN,243.62,-3.95,0
2026-07-09,16:12:03,MSFT,379.66,-0.96,0
2026-07-09,16:12:03,GOOGL,354.06,-0.96,0
2026-07-09,16:12:03,NVDA,202.17,-0.96,0
2026-07-09,16:12:03,META,611.71,-0.96,0
2026-07-09,16:12:03,AAPL,314.53,-0.96,0
2026-07-09,16:12:03,AMD,555.79,-0.96,0
2026-07-09,16:12:03,TSM,443.23,-0.96,0
2026-07-09,16:12:03,AMZN,241.32,-0.96,0
2026-07-09,18:03:09,MSFT,380.91,-0.48,0
2026-07-09,18:03:09,GOOGL,356.6,-0.48,0
2026-07-09,18:03:09,NVDA,203.14,-0.48,0
2026-07-09,18:03:09,META,611.45,-0.48,0
2026-07-09,18:03:09,AAPL,314.98,-0.48,0
2026-07-09,18:03:09,AMD,546.37,-0.48,0
2026-07-09,18:03:09,TSM,440.12,-0.48,0
2026-07-09,18:03:09,AMZN,243.96,-0.47,0
2026-07-09,19:25:28,MSFT,381.83,3.18,0
2026-07-09,19:25:28,GOOGL,357.28,3.18,0
2026-07-09,19:25:28,NVDA,204.27,3.24,0
2026-07-09,19:25:28,META,621.86,3.24,0
2026-07-09,19:25:28,AAPL,315.44,3.18,0
2026-07-09,19:25:28,AMD,545.05,3.18,0
2026-07-09,19:25:28,TSM,438.7,3.18,0
2026-07-09,19:25:28,AMZN,245.19,3.18,0
2026-07-09,21:27:10,MSFT,384.36,-0.66,0
2026-07-09,21:27:10,GOOGL,358.89,-0.66,0
2026-07-09,21:27:10,NVDA,202.78,-0.66,0
2026-07-09,21:27:10,META,631.48,-0.66,0
2026-07-09,21:27:10,AAPL,316.22,-0.66,0
2026-07-09,21:27:10,AMD,546.72,-0.66,0
2026-07-09,21:27:10,TSM,436.96,-0.66,0
2026-07-09,21:27:10,AMZN,247.04,-0.66,0
2026-07-09,22:59:54,MSFT,384.36,-0.66,0
2026-07-09,22:59:54,GOOGL,358.89,-0.66,0
2026-07-09,22:59:54,NVDA,202.78,-0.66,0
2026-07-09,22:59:54,META,631.48,-0.66,0
2026-07-09,22:59:54,AAPL,316.22,-0.66,0
2026-07-09,22:59:54,AMD,546.72,-0.66,0
2026-07-09,22:59:54,TSM,436.96,-0.66,0
2026-07-09,22:59:54,AMZN,247.04,-0.66,0
2026-07-10,15:54:11,MSFT,384.27,3.04,0
2026-07-10,15:54:11,GOOGL,354.93,3.01,0
2026-07-10,15:54:11,NVDA,208.88,3.01,0
2026-07-10,15:54:11,META,671.72,3.06,0
2026-07-10,15:54:11,AAPL,313.19,3.03,0
2026-07-10,15:54:11,AMD,549.5,3.03,0
2026-07-10,15:54:11,TSM,432.72,3.03,0
2026-07-10,15:54:11,AMZN,246.67,3.02,0
2026-07-10,17:51:42,MSFT,383.35,3.86,0
2026-07-10,17:51:42,GOOGL,354.32,3.86,0
2026-07-10,17:51:42,NVDA,210.61,3.86,0
2026-07-10,17:51:42,META,663.36,3.86,0
2026-07-10,17:51:42,AAPL,314.21,3.86,0
2026-07-10,17:51:42,AMD,559.01,3.86,0
2026-07-10,17:51:42,TSM,438.62,3.86,0
2026-07-10,17:51:42,AMZN,244.96,3.86,0
2026-07-10,19:17:46,MSFT,385.19,3.6,0
2026-07-10,19:17:46,GOOGL,356.41,3.59,0
2026-07-10,19:17:46,NVDA,210.08,3.6,0
2026-07-10,19:17:46,META,669.73,3.62,0
2026-07-10,19:17:46,AAPL,316.08,3.62,0
2026-07-10,19:17:46,AMD,552.99,3.62,0
2026-07-10,19:17:46,TSM,436.3,3.62,0
2026-07-10,19:17:46,AMZN,245.45,3.61,0
2026-07-10,21:11:39,MSFT,385.1,4.03,0
2026-07-10,21:11:39,GOOGL,357.18,4.03,0
2026-07-10,21:11:39,NVDA,210.96,4.03,0
2026-07-10,21:11:39,META,669.21,4.03,0
2026-07-10,21:11:39,AAPL,315.32,4.03,0
2026-07-10,21:11:39,AMD,557.89,4.03,0
2026-07-10,21:11:39,TSM,434.11,4.03,0
2026-07-10,21:11:39,AMZN,245.34,4.03,0
2026-07-10,22:45:40,MSFT,385.1,4.03,0
2026-07-10,22:45:40,GOOGL,357.18,4.03,0
2026-07-10,22:45:40,NVDA,210.96,4.03,0
2026-07-10,22:45:40,META,669.21,4.03,0
2026-07-10,22:45:40,AAPL,315.32,4.03,0
2026-07-10,22:45:40,AMD,557.89,4.03,0
2026-07-10,22:45:40,TSM,434.11,4.03,0
2026-07-10,22:45:40,AMZN,245.34,4.03,0
2026-07-11,14:35:07,MSFT,385.1,4.03,0
2026-07-11,14:35:07,GOOGL,357.18,4.03,0
2026-07-11,14:35:07,NVDA,210.96,4.03,0
2026-07-11,14:35:07,META,669.21,4.03,0
2026-07-11,14:35:07,AAPL,315.32,4.03,0
2026-07-11,14:35:07,AMD,557.89,4.03,0
2026-07-11,14:35:07,TSM,434.11,4.03,0
2026-07-11,14:35:07,AMZN,245.34,4.03,0
2026-07-11,17:04:19,MSFT,385.1,4.03,0
2026-07-11,17:04:19,GOOGL,357.18,4.03,0
2026-07-11,17:04:19,NVDA,210.96,4.03,0
2026-07-11,17:04:19,META,669.21,4.03,0
2026-07-11,17:04:19,AAPL,315.32,4.03,0
2026-07-11,17:04:19,AMD,557.89,4.03,0
2026-07-11,17:04:19,TSM,434.11,4.03,0
2026-07-11,17:04:19,AMZN,245.34,4.03,0
2026-07-11,18:48:54,MSFT,385.1,4.03,0
2026-07-11,18:48:54,GOOGL,357.18,4.03,0
2026-07-11,18:48:54,NVDA,210.96,4.03,0
2026-07-11,18:48:54,META,669.21,4.03,0
2026-07-11,18:48:54,AAPL,315.32,4.03,0
2026-07-11,18:48:54,AMD,557.89,4.03,0
2026-07-11,18:48:54,TSM,434.11,4.03,0
2026-07-11,18:48:54,AMZN,245.34,4.03,0
2026-07-11,20:57:38,MSFT,385.1,4.03,0
2026-07-11,20:57:38,GOOGL,357.18,0.29,0
2026-07-11,20:57:38,NVDA,210.96,4.03,0
2026-07-11,20:57:38,META,669.21,4.03,0
2026-07-11,20:57:38,AAPL,315.32,4.03,0
2026-07-11,20:57:38,AMD,557.89,4.03,0
2026-07-11,20:57:38,TSM,434.11,4.03,0
2026-07-11,20:57:38,AMZN,245.34,4.03,0
2026-07-11,22:33:27,MSFT,385.1,4.03,0
2026-07-11,22:33:27,GOOGL,357.18,4.03,0
2026-07-11,22:33:27,NVDA,210.96,4.03,0
2026-07-11,22:33:27,META,669.21,4.03,0
2026-07-11,22:33:27,AAPL,315.32,4.03,0
2026-07-11,22:33:27,AMD,557.89,4.03,0
2026-07-11,22:33:27,TSM,434.11,4.03,0
2026-07-11,22:33:27,AMZN,245.34,4.03,0
2026-07-12,14:41:00,MSFT,385.1,4.03,0
2026-07-12,14:41:00,GOOGL,357.18,0.29,0
2026-07-12,14:41:00,NVDA,210.96,4.03,0
2026-07-12,14:41:00,META,669.21,4.03,0
2026-07-12,14:41:00,AAPL,315.32,4.03,0
2026-07-12,14:41:00,AMD,557.89,4.03,0
2026-07-12,14:41:00,TSM,434.11,4.03,0
2026-07-12,14:41:00,AMZN,245.34,4.03,0
2026-07-12,17:06:37,MSFT,385.1,4.03,0
2026-07-12,17:06:37,GOOGL,357.18,4.03,0
2026-07-12,17:06:37,NVDA,210.96,4.03,0
2026-07-12,17:06:37,META,669.21,4.03,0
2026-07-12,17:06:37,AAPL,315.32,4.03,0
2026-07-12,17:06:37,AMD,557.89,4.03,0
2026-07-12,17:06:37,TSM,434.11,4.03,0
2026-07-12,17:06:37,AMZN,245.34,4.03,0
2026-07-12,18:53:55,MSFT,385.1,4.03,0
2026-07-12,18:53:55,GOOGL,357.18,4.03,0
2026-07-12,18:53:55,NVDA,210.96,4.03,0
2026-07-12,18:53:55,META,669.21,4.03,0
2026-07-12,18:53:55,AAPL,315.32,4.03,0
2026-07-12,18:53:55,AMD,557.89,4.03,0
2026-07-12,18:53:55,TSM,434.11,4.03,0
2026-07-12,18:53:55,AMZN,245.34,4.03,0
2026-07-12,20:58:15,MSFT,385.1,4.03,0
2026-07-12,20:58:15,GOOGL,357.18,4.03,0
2026-07-12,20:58:15,NVDA,210.96,4.03,0
2026-07-12,20:58:15,META,669.21,4.03,0
2026-07-12,20:58:15,AAPL,315.32,4.03,0
2026-07-12,20:58:15,AMD,557.89,4.03,0
2026-07-12,20:58:15,TSM,434.11,4.03,0
2026-07-12,20:58:15,AMZN,245.34,4.03,0
2026-07-12,22:34:33,MSFT,385.1,4.03,0
2026-07-12,22:34:33,GOOGL,357.18,4.03,0
2026-07-12,22:34:33,NVDA,210.96,4.03,0
2026-07-12,22:34:33,META,669.21,4.03,0
2026-07-12,22:34:33,AAPL,315.32,4.03,0
2026-07-12,22:34:33,AMD,557.89,4.03,0
2026-07-12,22:34:33,TSM,434.11,4.03,0
2026-07-12,22:34:33,AMZN,245.34,4.03,0
2026-07-13,16:03:41,MSFT,390.95,-4.38,0
2026-07-13,16:03:41,GOOGL,355.89,-4.38,0
2026-07-13,16:03:41,NVDA,206.46,-4.38,0
2026-07-13,16:03:41,META,660.84,-4.38,0
2026-07-13,16:03:41,AAPL,317.47,-4.38,0
2026-07-13,16:03:41,AMD,543.25,-4.38,0
2026-07-13,16:03:41,TSM,429.13,-4.38,0
2026-07-13,16:03:41,AMZN,248.0,-4.38,0
2026-07-13,18:00:00,MSFT,391.98,0.11,0
2026-07-13,18:00:00,GOOGL,355.21,0.11,0
2026-07-13,18:00:00,NVDA,203.62,0.11,0
2026-07-13,18:00:00,META,660.91,0.11,0
2026-07-13,18:00:00,AAPL,316.15,0.11,0
2026-07-13,18:00:00,AMD,536.63,0.11,0
2026-07-13,18:00:00,TSM,423.33,0.11,0
2026-07-13,18:00:00,AMZN,248.06,0.11,0
2026-07-13,19:15:05,MSFT,392.2,-3.92,0
2026-07-13,19:15:05,GOOGL,354.88,-3.92,0
2026-07-13,19:15:05,NVDA,203.88,-3.95,0
2026-07-13,19:15:05,META,661.05,-3.95,0
2026-07-13,19:15:05,AAPL,316.35,-3.95,0
2026-07-13,19:15:05,AMD,535.14,-3.95,0
2026-07-13,19:15:05,TSM,423.18,-3.95,0
2026-07-13,19:15:05,AMZN,248.45,-0.26,0
2026-07-13,21:03:16,MSFT,390.99,-3.78,0
2026-07-13,21:03:16,GOOGL,352.51,-3.78,0
2026-07-13,21:03:16,NVDA,203.53,-3.78,0
2026-07-13,21:03:16,META,656.73,-3.78,0
2026-07-13,21:03:16,AAPL,317.31,-3.78,0
2026-07-13,21:03:16,AMD,534.39,-3.78,0
2026-07-13,21:03:16,TSM,421.58,-3.78,0
2026-07-13,21:03:16,AMZN,247.31,-3.78,0
2026-07-13,22:41:14,MSFT,390.99,-3.78,0
2026-07-13,22:41:14,GOOGL,352.51,-3.78,0
2026-07-13,22:41:14,NVDA,203.53,-3.78,0
2026-07-13,22:41:14,META,656.73,-3.78,0
2026-07-13,22:41:14,AAPL,317.31,-3.78,0
2026-07-13,22:41:14,AMD,534.39,-3.78,0
2026-07-13,22:41:14,TSM,421.58,-3.78,0
2026-07-13,22:41:14,AMZN,247.31,-3.78,0
2026-07-14,15:07:58,MSFT,387.08,10.11,0
2026-07-14,15:07:58,GOOGL,357.88,10.11,0
2026-07-14,15:07:58,NVDA,207.91,10.32,0
2026-07-14,15:07:58,META,663.03,10.32,0
2026-07-14,15:07:58,AAPL,315.57,10.32,0
2026-07-14,15:07:58,AMD,562.63,10.32,0
2026-07-14,15:07:58,TSM,425.18,10.19,0
2026-07-14,15:07:58,AMZN,245.59,10.32,0
2026-07-14,17:21:22,MSFT,386.64,-1.8,0
2026-07-14,17:21:22,GOOGL,357.71,-1.8,0
2026-07-14,17:21:22,NVDA,211.32,-1.8,0
2026-07-14,17:21:22,META,661.5,-1.8,0
2026-07-14,17:21:22,AAPL,314.86,-1.8,0
2026-07-14,17:21:22,AMD,557.26,-1.8,0
2026-07-14,17:21:22,TSM,421.92,-1.8,0
2026-07-14,17:21:22,AMZN,246.05,-1.8,0
2026-07-14,19:06:09,MSFT,385.15,1.35,0
2026-07-14,19:06:09,GOOGL,359.54,1.35,0
2026-07-14,19:06:09,NVDA,211.95,1.35,0
2026-07-14,19:06:09,META,659.21,1.35,0
2026-07-14,19:06:09,AAPL,315.61,1.35,0
2026-07-14,19:06:09,AMD,550.24,1.35,0
2026-07-14,19:06:09,TSM,422.12,1.43,0
2026-07-14,19:06:09,AMZN,247.22,1.43,0
2026-07-14,21:05:10,MSFT,384.93,2.34,0
2026-07-14,21:05:10,GOOGL,359.51,2.34,0
2026-07-14,21:05:10,NVDA,211.8,2.34,0
2026-07-14,21:05:10,META,661.04,2.34,0
2026-07-14,21:05:10,AAPL,314.86,2.34,0
2026-07-14,21:05:10,AMD,548.13,2.34,0
2026-07-14,21:05:10,TSM,420.39,2.34,0
2026-07-14,21:05:10,AMZN,247.49,2.34,0
2026-07-14,22:42:54,MSFT,384.93,2.19,0
2026-07-14,22:42:54,GOOGL,359.51,2.19,0
2026-07-14,22:42:54,NVDA,211.8,2.19,0
2026-07-14,22:42:54,META,661.04,2.19,0
2026-07-14,22:42:54,AAPL,314.86,2.19,0
2026-07-14,22:42:54,AMD,548.13,2.19,0
2026-07-14,22:42:54,TSM,420.39,2.19,0
2026-07-14,22:42:54,AMZN,247.49,2.19,0
2026-07-15,15:07:20,MSFT,394.82,16.84,0
2026-07-15,15:07:20,GOOGL,368.96,16.77,0
2026-07-15,15:07:20,NVDA,209.64,16.77,0
2026-07-15,15:07:20,META,676.67,16.84,0
2026-07-15,15:07:20,AAPL,324.11,16.84,0
2026-07-15,15:07:20,AMD,518.92,16.84,0
2026-07-15,15:07:20,TSM,419.71,16.88,0
2026-07-15,15:07:20,AMZN,253.91,16.85,0
2026-07-15,17:23:59,MSFT,395.54,0.61,0
2026-07-15,17:23:59,GOOGL,370.84,0.71,0
2026-07-15,17:23:59,NVDA,208.98,0.71,0
2026-07-15,17:23:59,META,674.02,0.75,0
2026-07-15,17:23:59,AAPL,326.75,0.71,0
2026-07-15,17:23:59,AMD,526.14,0.75,0
2026-07-15,17:23:59,TSM,418.12,0.75,0
2026-07-15,17:23:59,AMZN,254.71,0.00088,0
2026-07-15,18:58:40,MSFT,395.99,-0.68,0
2026-07-15,18:58:40,GOOGL,370.4,-0.68,0
2026-07-15,18:58:40,NVDA,210.55,-0.68,0
2026-07-15,18:58:40,META,676.02,-0.68,0
2026-07-15,18:58:40,AAPL,327.58,-0.68,0
2026-07-15,18:58:40,AMD,525.5,-0.68,0
2026-07-15,18:58:40,TSM,418.02,-0.68,0
2026-07-15,18:58:40,AMZN,254.55,-0.68,0
2026-07-15,21:06:26,MSFT,395.63,-0.26,0
2026-07-15,21:06:26,GOOGL,370.92,-0.26,0
2026-07-15,21:06:26,NVDA,212.5,-0.26,0
2026-07-15,21:06:26,META,681.31,-0.26,0
2026-07-15,21:06:26,AAPL,327.5,0.29,0
2026-07-15,21:06:26,AMD,529.14,-0.26,0
2026-07-15,21:06:26,TSM,419.48,-0.26,0
2026-07-15,21:06:26,AMZN,254.96,-0.26,0
2026-07-15,22:44:19,MSFT,395.63,-0.26,0
2026-07-15,22:44:19,GOOGL,370.92,-0.26,0
2026-07-15,22:44:19,NVDA,212.5,-0.26,0
2026-07-15,22:44:19,META,681.31,-0.26,0
2026-07-15,22:44:19,AAPL,327.5,-0.26,0
2026-07-15,22:44:19,AMD,529.14,-0.26,0
2026-07-15,22:44:19,TSM,419.48,-0.26,0
2026-07-15,22:44:19,AMZN,254.96,0.29,0
2026-07-16,15:17:37,MSFT,397.73,33.4,0
2026-07-16,15:17:37,GOOGL,371.64,33.4,0
2026-07-16,15:17:37,NVDA,206.08,33.4,0
2026-07-16,15:17:37,META,676.67,33.4,0
2026-07-16,15:17:37,AAPL,330.4,33.4,0
2026-07-16,15:17:37,AMD,506.5,33.4,0
2026-07-16,15:17:37,TSM,410.6,33.4,0
2026-07-16,15:17:37,AMZN,255.22,33.4,0
2026-07-16,17:25:26,MSFT,402.68,32.93,0
2026-07-16,17:25:26,GOOGL,371.49,32.93,0
2026-07-16,17:25:26,NVDA,207.04,32.93,0
2026-07-16,17:25:26,META,669.35,32.93,0
2026-07-16,17:25:26,AAPL,332.66,32.93,0
2026-07-16,17:25:26,AMD,496.75,32.93,0
2026-07-16,17:25:26,TSM,405.42,32.93,0
2026-07-16,17:25:26,AMZN,256.14,32.93,0
2026-07-16,18:58:58,MSFT,405.63,0.19,0
2026-07-16,18:58:58,GOOGL,356.72,0.19,0
2026-07-16,18:58:58,NVDA,206.97,0.19,0
2026-07-16,18:58:58,META,668.48,0.19,0
2026-07-16,18:58:58,AAPL,333.45,0.19,0
2026-07-16,18:58:58,AMD,494.58,0.19,0
2026-07-16,18:58:58,TSM,405.37,-0.34,0
2026-07-16,18:58:58,AMZN,253.41,0.23,0
2026-07-16,21:08:54,MSFT,401.1,-0.19,0
2026-07-16,21:08:54,GOOGL,354.46,-0.19,0
2026-07-16,21:08:54,NVDA,207.4,-0.19,0
2026-07-16,21:08:54,META,664.54,-0.19,0
2026-07-16,21:08:54,AAPL,333.26,-0.19,0
2026-07-16,21:08:54,AMD,500.94,-0.19,0
2026-07-16,21:08:54,TSM,409.74,-0.19,0
2026-07-16,21:08:54,AMZN,249.89,-0.19,0
2026-07-16,22:43:59,MSFT,401.1,-0.19,0
2026-07-16,22:43:59,GOOGL,354.46,-0.19,0
2026-07-16,22:43:59,NVDA,207.4,-0.19,0
2026-07-16,22:43:59,META,664.54,-0.19,0
2026-07-16,22:43:59,AAPL,333.26,-0.19,0
2026-07-16,22:43:59,AMD,500.94,-0.19,0
2026-07-16,22:43:59,TSM,409.74,-0.19,0
2026-07-16,22:43:59,AMZN,249.89,-0.19,0
2026-07-17,14:57:41,MSFT,391.23,-8.46,0
2026-07-17,14:57:41,GOOGL,346.1,-0.026,0
2026-07-17,14:57:41,NVDA,203.63,-8.46,0
2026-07-17,14:57:41,META,629.03,-8.5,0
2026-07-17,14:57:41,AAPL,332.93,-0.026,0
2026-07-17,14:57:41,AMD,488.54,-8.5,0
2026-07-17,14:57:41,TSM,399.88,-8.46,0
2026-07-17,14:57:41,AMZN,248.89,-8.46,0
2026-07-17,17:18:05,MSFT,394.35,1.04,0
2026-07-17,17:18:05,GOOGL,346.31,1.04,0
2026-07-17,17:18:05,NVDA,206.37,1.04,0
2026-07-17,17:18:05,META,649.36,1.04,0
2026-07-17,17:18:05,AAPL,329.91,1.04,0
2026-07-17,17:18:05,AMD,502.02,1.04,0
2026-07-17,17:18:05,TSM,403.54,1.04,0
2026-07-17,17:18:05,AMZN,248.72,1.04,0
2026-07-17,18:55:43,MSFT,395.08,-0.53,0
2026-07-17,18:55:43,GOOGL,344.87,-0.53,0
2026-07-17,18:55:43,NVDA,203.66,-0.53,0
2026-07-17,18:55:43,META,646.72,-0.53,0
2026-07-17,18:55:43,AAPL,334.08,-0.53,0
2026-07-17,18:55:43,AMD,498.79,-0.45,0
2026-07-17,18:55:43,TSM,397.17,-0.45,0
2026-07-17,18:55:43,AMZN,247.65,-0.45,0
2026-07-17,21:02:02,MSFT,393.82,-1.88,0
2026-07-17,21:02:02,GOOGL,346.77,-1.88,0
2026-07-17,21:02:02,NVDA,202.81,-1.88,0
2026-07-17,21:02:02,META,646.01,-1.88,0
2026-07-17,21:02:02,AAPL,333.74,-1.88,0
2026-07-17,21:02:02,AMD,495.76,-1.88,0
2026-07-17,21:02:02,TSM,398.37,-1.88,0
2026-07-17,21:02:02,AMZN,247.23,-1.88,0
2026-07-17,22:35:48,MSFT,393.82,-1.88,0
2026-07-17,22:35:48,GOOGL,346.77,-1.88,0
2026-07-17,22:35:48,NVDA,202.81,-1.88,0
2026-07-17,22:35:48,META,646.01,-1.88,0
2026-07-17,22:35:48,AAPL,333.74,-1.88,0
2026-07-17,22:35:48,AMD,495.76,-1.88,0
2026-07-17,22:35:48,TSM,398.37,-1.88,0
2026-07-17,22:35:48,AMZN,247.23,-1.88,0
2026-07-18,14:34:23,MSFT,393.82,-1.88,0
2026-07-18,14:34:23,GOOGL,346.77,-1.88,0
2026-07-18,14:34:23,NVDA,202.81,-1.88,0
2026-07-18,14:34:23,META,646.01,-1.88,0
2026-07-18,14:34:23,AAPL,333.74,-1.88,0
2026-07-18,14:34:23,AMD,495.76,-1.88,0
2026-07-18,14:34:23,TSM,398.37,-1.88,0
2026-07-18,14:34:23,AMZN,247.23,-1.88,0
2026-07-18,17:02:59,MSFT,393.82,-1.88,0
2026-07-18,17:02:59,GOOGL,346.77,-1.88,0
2026-07-18,17:02:59,NVDA,202.81,-1.88,0
2026-07-18,17:02:59,META,646.01,-1.88,0
2026-07-18,17:02:59,AAPL,333.74,-1.88,0
2026-07-18,17:02:59,AMD,495.76,-1.88,0
2026-07-18,17:02:59,TSM,398.37,-1.88,0
2026-07-18,17:02:59,AMZN,247.23,-1.88,0
2026-07-18,18:52:06,MSFT,393.82,-1.88,0
2026-07-18,18:52:06,GOOGL,346.77,-1.88,0
2026-07-18,18:52:06,NVDA,202.81,-0.77,0
2026-07-18,18:52:06,META,646.01,-1.88,0
2026-07-18,18:52:06,AAPL,333.74,-1.88,0
2026-07-18,18:52:06,AMD,495.76,-1.88,0
2026-07-18,18:52:06,TSM,398.37,-1.88,0
2026-07-18,18:52:06,AMZN,247.23,-1.88,0
2026-07-18,20:57:19,MSFT,393.82,-1.88,0
2026-07-18,20:57:19,GOOGL,346.77,-1.88,0
2026-07-18,20:57:19,NVDA,202.81,-1.88,0
2026-07-18,20:57:19,META,646.01,-1.88,0
2026-07-18,20:57:19,AAPL,333.74,-1.88,0
2026-07-18,20:57:19,AMD,495.76,-1.88,0
2026-07-18,20:57:19,TSM,398.37,-1.88,0
2026-07-18,20:57:19,AMZN,247.23,-1.88,0
2026-07-18,22:34:53,MSFT,393.82,-1.88,0
2026-07-18,22:34:53,GOOGL,346.77,-1.88,0
2026-07-18,22:34:53,NVDA,202.81,-1.88,0
2026-07-18,22:34:53,META,646.01,-1.88,0
2026-07-18,22:34:53,AAPL,333.74,-1.88,0
2026-07-18,22:34:53,AMD,495.76,-1.88,0
2026-07-18,22:34:53,TSM,398.37,-1.88,0
2026-07-18,22:34:53,AMZN,247.23,-1.88,0
2026-07-19,14:38:28,MSFT,393.82,-1.88,0
2026-07-19,14:38:28,GOOGL,346.77,-1.88,0
2026-07-19,14:38:28,NVDA,202.81,-1.88,0
2026-07-19,14:38:28,META,646.01,-1.88,0
2026-07-19,14:38:28,AAPL,333.74,-1.88,0
2026-07-19,14:38:28,AMD,495.76,-1.88,0
2026-07-19,14:38:28,TSM,398.37,-1.88,0
2026-07-19,14:38:28,AMZN,247.23,-1.88,0
2026-07-19,17:05:17,MSFT,393.82,-1.88,0
2026-07-19,17:05:17,GOOGL,346.77,-1.88,0
2026-07-19,17:05:17,NVDA,202.81,-1.88,0
2026-07-19,17:05:17,META,646.01,-1.88,0
2026-07-19,17:05:17,AAPL,333.74,-1.88,0
2026-07-19,17:05:17,AMD,495.76,-1.88,0
2026-07-19,17:05:17,TSM,398.37,-1.88,0
2026-07-19,17:05:17,AMZN,247.23,-1.88,0
2026-07-19,18:54:23,MSFT,393.82,-1.88,0
2026-07-19,18:54:23,GOOGL,346.77,-1.88,0
2026-07-19,18:54:23,NVDA,202.81,-1.88,0
2026-07-19,18:54:23,META,646.01,-1.88,0
2026-07-19,18:54:23,AAPL,333.74,-1.88,0
2026-07-19,18:54:23,AMD,495.76,-1.88,0
2026-07-19,18:54:23,TSM,398.37,-1.88,0
2026-07-19,18:54:23,AMZN,247.23,-1.88,0
2026-07-19,20:58:11,MSFT,393.82,-1.88,0
2026-07-19,20:58:11,GOOGL,346.77,-1.88,0
2026-07-19,20:58:11,NVDA,202.81,-1.88,0
2026-07-19,20:58:11,META,646.01,-1.88,0
2026-07-19,20:58:11,AAPL,333.74,-1.88,0
2026-07-19,20:58:11,AMD,495.76,-1.88,0
2026-07-19,20:58:11,TSM,398.37,-1.88,0
2026-07-19,20:58:11,AMZN,247.23,-1.88,0
2026-07-19,22:37:37,MSFT,393.82,-1.88,0
2026-07-19,22:37:37,GOOGL,346.77,-1.88,0
2026-07-19,22:37:37,NVDA,202.81,-1.88,0
2026-07-19,22:37:37,META,646.01,-1.88,0
2026-07-19,22:37:37,AAPL,333.74,-1.88,0
2026-07-19,22:37:37,AMD,495.76,-1.88,0
2026-07-19,22:37:37,TSM,398.37,-1.88,0
2026-07-19,22:37:37,AMZN,247.23,-1.88,0
2026-07-20,15:28:05,MSFT,397.33,3.54,0
2026-07-20,15:28:05,GOOGL,356.49,3.54,0
2026-07-20,15:28:05,NVDA,206.14,-0.18,0
2026-07-20,15:28:05,META,647.03,3.54,0
2026-07-20,15:28:05,AAPL,324.76,3.47,0
2026-07-20,15:28:05,AMD,510.88,3.47,0
2026-07-20,15:28:05,TSM,405.24,3.47,0
2026-07-20,15:28:05,AMZN,251.15,3.47,0
2026-07-20,18:10:24,MSFT,401.56,25.52,0
2026-07-20,18:10:24,GOOGL,352.87,25.52,0
2026-07-20,18:10:24,NVDA,204.75,25.52,0
2026-07-20,18:10:24,META,648.65,25.52,0
2026-07-20,18:10:24,AAPL,325.39,25.52,0
2026-07-20,18:10:24,AMD,515.85,25.52,0
2026-07-20,18:10:24,TSM,403.79,25.52,0
2026-07-20,18:10:24,AMZN,250.53,25.52,0
